{"cameraMode":{"drawMode":0,"name":"Shaded","section":"Shading Mode"},"sceneLighting":true,"audioPlay":false,"sceneViewState":{"showFog":false,"showMaterialUpdate":false,"showSkybox":false,"showFlares":false,"showImageEffects":false,"showParticleSystems":false},"in2DMode":false,"pivot":{"x":149.61524963378907,"y":-22.066978454589845,"z":-66.28733825683594},"rotation":{"x":0.24459649622440339,"y":0.7117010354995728,"z":-0.2957208752632141,"w":0.5883905291557312},"size":82.17617797851563,"orthographic":false}