{"cameraMode":{"drawMode":0,"name":"Shaded","section":"Shading Mode"},"sceneLighting":false,"audioPlay":false,"sceneViewState":{"showFog":false,"showMaterialUpdate":false,"showSkybox":false,"showFlares":false,"showImageEffects":false,"showParticleSystems":false},"in2DMode":false,"pivot":{"x":33.0334358215332,"y":-17.582067489624025,"z":3.1155595779418947},"rotation":{"x":-0.1884762942790985,"y":-0.7523697018623352,"z":0.2433396726846695,"w":-0.5824106931686401},"size":34.24925994873047,"orthographic":false}