{"cameraMode":{"drawMode":0,"name":"Shaded","section":"Shading Mode"},"sceneLighting":true,"audioPlay":false,"sceneViewState":{"showFog":true,"showMaterialUpdate":false,"showSkybox":false,"showFlares":true,"showImageEffects":true,"showParticleSystems":true},"in2DMode":false,"pivot":{"x":-0.3310050964355469,"y":-0.20000457763671876,"z":0.6199989318847656},"rotation":{"x":0.15058355033397675,"y":-0.8446072340011597,"z":0.31100112199783327,"w":0.4089518189430237},"size":200.05186462402345,"orthographic":false}