{"cameraMode":{"drawMode":0,"name":"Shaded","section":"Shading Mode"},"sceneLighting":false,"audioPlay":false,"sceneViewState":{"showFog":false,"showMaterialUpdate":false,"showSkybox":false,"showFlares":false,"showImageEffects":false,"showParticleSystems":false},"in2DMode":false,"pivot":{"x":216.62672424316407,"y":30.426000595092775,"z":-81.9520034790039},"rotation":{"x":0.13003438711166383,"y":-0.5896852016448975,"z":0.09691737592220307,"w":0.7911823987960815},"size":3.9231064319610597,"orthographic":true}