{"cameraMode":{"drawMode":0,"name":"Shaded","section":"Shading Mode"},"sceneLighting":true,"audioPlay":false,"sceneViewState":{"showFog":true,"showMaterialUpdate":false,"showSkybox":false,"showFlares":true,"showImageEffects":true,"showParticleSystems":true},"in2DMode":false,"pivot":{"x":266.0013732910156,"y":23.495948791503908,"z":-78.71818542480469},"rotation":{"x":-0.18461854755878449,"y":0.7267484068870544,"z":-0.2143511325120926,"w":-0.6259443759918213},"size":1.1431723833084107,"orthographic":false}