{"cameraMode":{"drawMode":0,"name":"Shaded","section":"Shading Mode"},"sceneLighting":true,"audioPlay":false,"sceneViewState":{"showFog":true,"showMaterialUpdate":false,"showSkybox":true,"showFlares":true,"showImageEffects":true,"showParticleSystems":true},"in2DMode":false,"pivot":{"x":185.962646484375,"y":1.878377914428711,"z":-57.782814025878909},"rotation":{"x":0.1448507457971573,"y":-0.7237588167190552,"z":0.15994763374328614,"w":0.6554450988769531},"size":74.67448425292969,"orthographic":false}