{"cameraMode":{"drawMode":0,"name":"Shaded","section":"Shading Mode"},"sceneLighting":false,"audioPlay":false,"sceneViewState":{"showFog":true,"showMaterialUpdate":false,"showSkybox":false,"showFlares":true,"showImageEffects":true,"showParticleSystems":true},"in2DMode":false,"pivot":{"x":216.8497314453125,"y":29.95415687561035,"z":-81.06298065185547},"rotation":{"x":-0.39362916350364687,"y":0.27004867792129519,"z":-0.12215769290924072,"w":-0.8701766729354858},"size":2.6471104621887209,"orthographic":false}