{"cameraMode":{"drawMode":0,"name":"Shaded","section":"Shading Mode"},"sceneLighting":false,"audioPlay":false,"sceneViewState":{"showFog":false,"showMaterialUpdate":false,"showSkybox":false,"showFlares":false,"showImageEffects":false,"showParticleSystems":false},"in2DMode":false,"pivot":{"x":-47.23210906982422,"y":2.6218247413635256,"z":-27.488937377929689},"rotation":{"x":-0.2581195533275604,"y":-0.7415797710418701,"z":0.4514366090297699,"w":-0.42383816838264468},"size":39.24812316894531,"orthographic":false}