{"cameraMode":{"drawMode":0,"name":"Shaded","section":"Shading Mode"},"sceneLighting":false,"audioPlay":false,"sceneViewState":{"showFog":false,"showMaterialUpdate":false,"showSkybox":false,"showFlares":false,"showImageEffects":false,"showParticleSystems":false},"in2DMode":false,"pivot":{"x":34.90443801879883,"y":-32.17771911621094,"z":12.355363845825196},"rotation":{"x":0.25293296575546267,"y":0.5741633772850037,"z":-0.19235658645629884,"w":0.7545596361160278},"size":23.874584197998048,"orthographic":false}