{"cameraMode":{"drawMode":0,"name":"Shaded","section":"Shading Mode"},"sceneLighting":false,"audioPlay":false,"sceneViewState":{"showFog":false,"showMaterialUpdate":false,"showSkybox":false,"showFlares":false,"showImageEffects":false,"showParticleSystems":false},"in2DMode":false,"pivot":{"x":-0.16273713111877442,"y":6.753239631652832,"z":-1.324148178100586},"rotation":{"x":0.190499946475029,"y":0.43112266063690188,"z":-0.09365086257457733,"w":0.8769678473472595},"size":19.418195724487306,"orthographic":false}