{"cameraMode":{"drawMode":0,"name":"Shaded","section":"Shading Mode"},"sceneLighting":true,"audioPlay":false,"sceneViewState":{"showFog":false,"showMaterialUpdate":false,"showSkybox":false,"showFlares":false,"showImageEffects":false,"showParticleSystems":false},"in2DMode":false,"pivot":{"x":269.99029541015627,"y":18.35576820373535,"z":-85.2017593383789},"rotation":{"x":0.04635512828826904,"y":0.9447041749954224,"z":-0.28635531663894656,"w":0.15292468667030335},"size":12.155000686645508,"orthographic":false}