{"cameraMode":{"drawMode":0,"name":"Shaded","section":"Shading Mode"},"sceneLighting":false,"audioPlay":false,"sceneViewState":{"showFog":false,"showMaterialUpdate":false,"showSkybox":false,"showFlares":false,"showImageEffects":false,"showParticleSystems":false},"in2DMode":false,"pivot":{"x":215.39999389648438,"y":27.979999542236329,"z":-82.77999877929688},"rotation":{"x":0.1649591475725174,"y":-0.18955853581428529,"z":0.03232402354478836,"w":0.9673733711242676},"size":16.244140625,"orthographic":true}