{"cameraMode":{"drawMode":0,"name":"Shaded","section":"Shading Mode"},"sceneLighting":true,"audioPlay":false,"sceneViewState":{"showFog":false,"showMaterialUpdate":false,"showSkybox":false,"showFlares":false,"showImageEffects":false,"showParticleSystems":false},"in2DMode":false,"pivot":{"x":98.2685546875,"y":6.501220703125,"z":-175.7109375},"rotation":{"x":0.12079330533742905,"y":-0.45616525411605837,"z":0.06265620142221451,"w":0.8794296383857727},"size":9.230202674865723,"orthographic":true}